id,customer_id,address_id,building_admin_full_name,building_admin_email,building_admin_phone_number,technical_ressource_full_name,technical_ressource_phone_number,technical_ressource_email,created_at,updated_at
1,1,639,Danny Ashfield,ddee0@sfgate.com,2549426807,Dee dee Weightman,2291600076,ddee0@gov.uk,12/24/2016,3/2/2019
2,2,973,Dorene McIllrick,kmackness1@sfgate.com,9567748642,Killie Mackness,1027890250,kmackness1@phoca.cz,5/9/2016,3/8/2019
3,3,808,Perice Crickett,hcroot2@army.mil,4298294851,Holli Croot,2822316737,hcroot2@quantcast.com,6/8/2017,3/9/2019
4,4,835,Reina Petrelluzzi,ffitzharris3@cdc.gov,6307736463,Farly Fitzharris,3478137604,ffitzharris3@networkadvertising.org,8/4/2018,3/3/2019
5,5,848,Jaye Brisse,lspiaggia4@youku.com,8147681257,Lazar Spiaggia,7765040046,lspiaggia4@so-net.ne.jp,12/2/2016,3/6/2019
6,6,759,Andonis Janaszewski,dswanne5@vk.com,3331659346,Danyette Swanne,2704824907,dswanne5@zimbio.com,1/4/2017,3/6/2019
7,7,519,Harri Drennan,pshoveller6@constantcontact.com,8163115250,Pepito Shoveller,4692204341,pshoveller6@psu.edu,3/31/2018,3/2/2019
8,8,926,Octavia Wulfinger,rniesegen7@51.la,3438936051,Rianon Niesegen,7499922003,rniesegen7@phpbb.com,4/14/2016,3/11/2019
9,9,638,Cassandre Mycroft,gwentworth8@youtu.be,5963382011,Giorgio Wentworth,6405767143,gwentworth8@topsy.com,6/22/2017,3/6/2019
10,10,606,Amandie Lidster,vmcteggart9@unicef.org,6129616025,Vincenz McTeggart,9793992282,vmcteggart9@dropbox.com,11/30/2018,3/9/2019
11,11,657,Courtney Kidstoun,ylaisea@nymag.com,6809186140,Yettie Laise,9354837090,ylaisea@google.com.hk,10/31/2016,3/11/2019
12,12,840,Nanice Jerger,jfonzob@tumblr.com,3485206197,Jessa Fonzo,8212081501,jfonzob@springer.com,2/10/2019,3/6/2019
13,13,759,Bartlett Springle,acampoc@usnews.com,3252998789,Alexandro Campo,8656972620,acampoc@cafepress.com,10/10/2018,3/4/2019
14,14,545,Oralia Kynaston,meskrigged@nih.gov,6798909219,Mufi Eskrigge,8543344756,meskrigged@epa.gov,3/10/2018,3/6/2019
15,15,720,Demetre Szymanowicz,bkilloughe@engadget.com,2549533984,Breena Killough,5805302938,bkilloughe@wikipedia.org,3/30/2017,3/9/2019
16,16,747,Torey Cromley,nbettef@amazonaws.com,7907451587,Nicol Bette,5827224853,nbettef@diigo.com,9/26/2017,3/10/2019
17,17,989,Batholomew Conen,sparlorg@ft.com,1939534949,Saxon Parlor,4379319592,sparlorg@wsj.com,10/26/2016,3/2/2019
18,18,921,Roth Palk,csirrellh@eepurl.com,6512514479,Carmelia Sirrell,7909026219,csirrellh@mapquest.com,3/26/2016,3/4/2019
19,19,869,Natassia Conrart,cbotheni@cloudflare.com,8834986636,Chloris Bothen,8085061287,cbotheni@yahoo.co.jp,5/5/2018,3/6/2019
20,20,521,Basilio Baynard,oallinghamj@tinypic.com,2621413570,Ollie Allingham,4971302948,oallinghamj@youtu.be,12/30/2018,3/2/2019
21,21,599,Madeline Staples,pschnitterk@amazon.com,4063871776,Paulo Schnitter,2679819602,pschnitterk@businessinsider.com,3/20/2017,3/8/2019
22,22,567,Mabelle Dorrance,smouanl@globo.com,2046355762,Stephanus Mouan,1787929723,smouanl@opera.com,5/25/2017,3/8/2019
23,23,788,Dillon Scudders,phennemannm@google.ca,3973182353,Paddy Hennemann,1284216169,phennemannm@google.com,7/6/2016,3/8/2019
24,24,693,Misha Jolland,mbohlmannn@indiatimes.com,7149306036,Merwin Bohlmann,2957333586,mbohlmannn@wordpress.org,2/18/2019,3/6/2019
25,25,836,Donnamarie Shemelt,achapiroo@cornell.edu,9302366310,Annetta Chapiro,6692003870,achapiroo@admin.ch,8/30/2018,3/12/2019
26,26,754,Shir Platts,estentp@canalblog.com,7858667616,Elvyn Stent,9566056065,estentp@narod.ru,1/11/2017,3/8/2019
27,27,551,Belva Kubec,kkinceyq@github.io,6974135147,Kath Kincey,1457374444,kkinceyq@accuweather.com,2/7/2019,3/3/2019
28,28,757,Glory Bolwell,kmustoer@blogs.com,5249055502,Karrie Mustoe,7812030386,kmustoer@netscape.com,11/2/2017,3/4/2019
29,29,881,Ruthanne Kynan,mhinzes@technorati.com,1095720664,Marwin Hinze,4537617833,mhinzes@alibaba.com,4/23/2016,3/5/2019
30,30,540,Carma Kingsnode,srosendallt@newyorker.com,8738345823,Shandra Rosendall,2231895920,srosendallt@friendfeed.com,1/27/2018,3/9/2019
31,31,754,Brandy Boise,msimantsu@sciencedaily.com,7756914685,Malcolm Simants,7255176189,msimantsu@si.edu,1/29/2019,3/3/2019
32,32,937,Derrik Marchenko,csweatingv@europa.eu,1267370942,Cosetta Sweating,9977399382,csweatingv@phpbb.com,10/19/2018,3/3/2019
33,33,542,Keely Stille,twolfew@liveinternet.ru,3153301014,Tabbi Wolfe,2642190528,twolfew@cnbc.com,4/20/2017,3/8/2019
34,34,882,Else Aizikovitch,msporgeonx@acquirethisname.com,3822993209,Marvin Sporgeon,8496368903,msporgeonx@usatoday.com,10/2/2018,3/7/2019
35,35,520,Lorene Mingasson,dbarnevilley@samsung.com,5158563697,Dorthy Barneville,7829706925,dbarnevilley@scientificamerican.com,11/11/2017,3/4/2019
36,36,706,Reynard Hughland,ajizhakiz@archive.org,8347954940,Adella Jizhaki,4516400859,ajizhakiz@slate.com,5/4/2018,3/4/2019
37,37,935,Alfie Faustin,wdirr10@163.com,8128937119,Weidar Dirr,4068104206,wdirr10@hatena.ne.jp,4/26/2017,3/8/2019
38,38,569,Sharleen Mcsarry,vmackenny11@wunderground.com,4161945835,Vivienne MacKenny,1342140487,vmackenny11@topsy.com,7/30/2016,3/5/2019
39,39,963,Ned Merredy,srubinivitz12@hugedomains.com,9142338645,Skipp Rubinivitz,9492094502,srubinivitz12@npr.org,4/22/2017,3/4/2019
40,40,802,Thatch Pic,tannesley13@vimeo.com,5763168377,Thaddeus Annesley,4461858939,tannesley13@qq.com,1/4/2017,3/8/2019
41,41,716,Shirlee Fingleton,cbessett14@squarespace.com,3009096875,Charil Bessett,6323034774,cbessett14@friendfeed.com,3/23/2018,3/10/2019
42,42,979,Jessika Nanninini,ehaughey15@jigsy.com,6435750748,Elladine Haughey,7985852703,ehaughey15@rakuten.co.jp,9/30/2017,3/7/2019
43,43,641,Ninon Roscow,banthes16@blogger.com,5531904803,Bard Anthes,9496774884,banthes16@cdc.gov,9/10/2018,3/3/2019
44,44,503,Donn Conneely,lsaltmarshe17@nytimes.com,1394152704,Lorine Saltmarshe,6114158671,lsaltmarshe17@chronoengine.com,9/10/2018,3/7/2019
45,45,723,Johanna Shillington,clipman18@netvibes.com,4459003076,Corina Lipman,5095436202,clipman18@ezinearticles.com,12/13/2017,3/4/2019
46,46,791,Cissiee Lankford,cbarczewski19@illinois.edu,7142204163,Cherye Barczewski,5648632304,cbarczewski19@theatlantic.com,9/4/2017,3/3/2019
47,47,584,Steven Smith,mrieme1a@wikispaces.com,3122729188,Mellie Rieme,7199864192,mrieme1a@ning.com,8/14/2018,3/4/2019
48,48,999,Maison Baggalley,pcammock1b@photobucket.com,7915297346,Pembroke Cammock,8337703729,pcammock1b@opera.com,9/28/2016,3/7/2019
49,49,948,Corena Dobie,ahandlin1c@theguardian.com,9146002683,Ansel Handlin,2399810874,ahandlin1c@cisco.com,8/11/2018,3/8/2019
50,50,628,Colene Heddon,sliddel1d@naver.com,8786137780,Shauna Liddel,3261828560,sliddel1d@trellian.com,3/19/2016,3/10/2019
51,51,567,Dulcinea Polamontayne,rgyver1e@yelp.com,9266351110,Rici Gyver,9921976091,rgyver1e@webmd.com,9/4/2016,3/10/2019
52,52,849,Lizzy Dagon,agiorgeschi1f@nbcnews.com,6985536546,Allard Giorgeschi,9198319796,agiorgeschi1f@huffingtonpost.com,12/12/2018,3/9/2019
53,53,887,Nikki Colleck,mfencott1g@hp.com,4476057986,Matty Fencott,7108286201,mfencott1g@utexas.edu,5/15/2016,3/8/2019
54,54,933,Horten Piola,lewens1h@tripadvisor.com,4305750714,Lizabeth Ewens,5106590741,lewens1h@foxnews.com,8/16/2016,3/6/2019
55,55,747,Georg Simone,gmidgley1i@printfriendly.com,7167075025,Gwendolen Midgley,1499882163,gmidgley1i@archive.org,7/18/2018,3/12/2019
56,56,670,Ernestine Basketfield,mmanders1j@noaa.gov,9929082606,Milka Manders,6168361432,mmanders1j@yahoo.com,3/31/2017,3/4/2019
57,57,757,Karena Benson,bdannehl1k@cam.ac.uk,4401523954,Byran Dannehl,8144887516,bdannehl1k@unblog.fr,11/24/2018,3/7/2019
58,58,823,Leonid Stother,ssamter1l@slideshare.net,3492952236,Shawna Samter,1252797375,ssamter1l@printfriendly.com,5/10/2017,3/4/2019
59,59,591,Caroline Whitmarsh,gfancourt1m@cam.ac.uk,4746120652,Gene Fancourt,1749320767,gfancourt1m@arstechnica.com,4/13/2018,3/7/2019
60,60,994,Roberta Sissens,banersen1n@ehow.com,6865511825,Babette Anersen,1603834879,banersen1n@msu.edu,6/20/2017,3/5/2019
61,61,625,Mose Nickell,lpatley1o@illinois.edu,5108251383,Lianne Patley,2348455891,lpatley1o@hexun.com,9/23/2016,3/8/2019
62,62,804,Hilton Reeson,daberhart1p@timesonline.co.uk,9638175119,Drake Aberhart,6031120190,daberhart1p@google.it,7/15/2018,3/11/2019
63,63,582,Ardra Hayles,lhedditch1q@sakura.ne.jp,6201922263,Linnea Hedditch,1171373864,lhedditch1q@salon.com,1/15/2018,3/4/2019
64,64,640,Waldon Morgue,hgrishechkin1r@ox.ac.uk,9897868109,Howey Grishechkin,7081002635,hgrishechkin1r@cnet.com,12/26/2016,3/6/2019
65,65,766,Cyndie Hazel,jferri1s@behance.net,2503934983,Jacquenetta Ferri,2504545832,jferri1s@mtv.com,11/5/2017,3/3/2019
66,66,697,Elwin Hargie,hchamney1t@github.com,2592529901,Hilary Chamney,2743302183,hchamney1t@wufoo.com,9/16/2017,3/5/2019
67,67,680,Evita Blakeway,aplester1u@e-recht24.de,6796250556,Arnoldo Plester,7736688111,aplester1u@ow.ly,9/30/2016,3/5/2019
68,68,858,Quincey Annets,tpasterfield1v@nationalgeographic.com,6328946084,Tess Pasterfield,2435406239,tpasterfield1v@infoseek.co.jp,10/3/2018,3/4/2019
69,69,566,Salvador Widdowes,glapworth1w@imgur.com,7811957696,Guillemette Lapworth,6004827865,glapworth1w@wufoo.com,12/13/2016,3/6/2019
70,70,917,Selinda Belfitt,mbartalot1x@t-online.de,8873973372,Melvyn Bartalot,3744797089,mbartalot1x@amazon.co.jp,5/30/2016,3/4/2019
71,71,847,Yvonne Jewess,phonacker1y@ucsd.edu,7977672008,Piotr Honacker,2291076240,phonacker1y@chicagotribune.com,6/10/2017,3/11/2019
72,72,881,Mattie OMullally,rleechman1z@tamu.edu,2675044548,Robbie Leechman,6688794829,rleechman1z@pcworld.com,1/31/2018,3/2/2019
73,73,695,Meara Barford,tbarsby20@pagesperso-orange.fr,5364592432,Talbert Barsby,2703990046,tbarsby20@reference.com,12/11/2018,3/4/2019
74,74,672,Sig Marns,lokenden21@vkontakte.ru,7054628085,Lena Okenden,5918156099,lokenden21@lycos.com,10/30/2017,3/2/2019
75,75,869,Allyn Ludmann,ccoughtrey22@timesonline.co.uk,8044416900,Carleen Coughtrey,1844385069,ccoughtrey22@qq.com,10/9/2018,3/4/2019
76,76,748,Lulu Touzey,lhavelin23@t.co,7271008314,Lurlene Havelin,9788323762,lhavelin23@artisteer.com,7/8/2017,3/2/2019
77,77,712,Margalit Tuison,acockerham24@studiopress.com,2468137942,Adelbert Cockerham,4052355215,acockerham24@adobe.com,2/21/2018,3/6/2019
78,78,509,Brodie Bradford,lpalfrey25@usatoday.com,6314359444,Lulita Palfrey,5321864356,lpalfrey25@skyrock.com,8/29/2018,3/10/2019
79,79,584,Wally Emmer,gbrewerton26@prnewswire.com,9189757445,Gretna Brewerton,1129324320,gbrewerton26@intel.com,11/18/2017,3/9/2019
80,80,854,Francisco Sallinger,habramsky27@skype.com,7415965964,Howard Abramsky,7035811352,habramsky27@wordpress.org,9/3/2017,3/6/2019
81,81,807,Janaye Van Baaren,jlapworth28@wikimedia.org,4908688266,Jessie Lapworth,2588381581,jlapworth28@tiny.cc,12/27/2017,3/7/2019
82,82,998,Chickie Baxstar,tlenglet29@rambler.ru,6084892475,Trever Lenglet,4409322077,tlenglet29@hao123.com,10/17/2017,3/2/2019
83,83,675,Ginger Moult,ttassell2a@163.com,3236607113,Turner Tassell,7664620366,ttassell2a@si.edu,2/25/2018,3/10/2019
84,84,757,Quinta Batcock,vboden2b@seesaa.net,4579660982,Valle Boden,6691750441,vboden2b@linkedin.com,6/9/2017,3/11/2019
85,85,517,Fidole Illsley,tadrienne2c@technorati.com,1105560647,Tully Adrienne,5633949383,tadrienne2c@biblegateway.com,8/13/2018,3/3/2019
86,86,856,Rosco Tayt,tkellogg2d@bbb.org,9367086058,Timothea Kellogg,3907518103,tkellogg2d@scribd.com,8/2/2016,3/7/2019
87,87,775,Mario Jude,drobardley2e@mail.ru,4032569833,Dalli Robardley,8235732983,drobardley2e@angelfire.com,3/30/2018,3/9/2019
88,88,638,Norris Potier,abullingham2f@shareasale.com,7919911711,Alair Bullingham,3989124776,abullingham2f@ocn.ne.jp,8/23/2016,3/10/2019
89,89,809,Charo Petegrew,hburt2g@drupal.org,7878065728,Henry Burt,5806721119,hburt2g@google.co.jp,7/5/2016,3/4/2019
90,90,548,Doralynne Baish,lspringham2h@huffingtonpost.com,1585553762,Larina Springham,7614420859,lspringham2h@blog.com,4/4/2016,3/10/2019
91,91,534,Jorey Citrine,ldossettor2i@weibo.com,7704872906,Lock Dossettor,8904174622,ldossettor2i@mapquest.com,12/5/2016,3/2/2019
92,92,560,Kaine Vobes,mascraft2j@slideshare.net,5841765338,Margaretta Ascraft,9883463168,mascraft2j@quantcast.com,10/4/2018,3/4/2019
93,93,773,Leighton Woodruffe,tdowns2k@homestead.com,8224247982,Tremain Downs,4513125705,tdowns2k@devhub.com,5/13/2017,3/5/2019
94,94,998,Dolley Pharrow,vburburough2l@statcounter.com,5765639319,Vinny Burburough,8462290189,vburburough2l@techcrunch.com,5/4/2017,3/5/2019
95,95,655,Tuesday Finnes,scluley2m@eventbrite.com,4961531057,Sissie Cluley,7655795443,scluley2m@theatlantic.com,8/27/2018,3/3/2019
96,96,762,Al Diloway,hbraunstein2n@geocities.jp,1615040449,Hallsy Braunstein,2078041801,hbraunstein2n@google.ru,10/26/2017,3/11/2019
97,97,592,Modesta Jerzycowski,kgrigolashvill2o@wiley.com,2512777702,Keelby Grigolashvill,5281084684,kgrigolashvill2o@europa.eu,11/11/2018,3/11/2019
98,98,988,Erv Sempill,jstrowthers2p@pinterest.com,3269362744,Joleen Strowthers,7835196571,jstrowthers2p@discuz.net,11/30/2018,3/3/2019
99,99,619,Aretha McCory,lmcneillie2q@loc.gov,3034969518,Lilli McNeillie,3834164556,lmcneillie2q@gmpg.org,4/8/2016,3/7/2019
100,100,751,Ash Ainslee,ncayzer2r@t.co,6494879803,Nicky Cayzer,7224663214,ncayzer2r@multiply.com,10/26/2017,3/6/2019
101,101,940,Rowe Boggas,tduddell2s@opensource.org,1208215549,Terry Duddell,7083406887,tduddell2s@washington.edu,11/10/2018,3/10/2019
102,102,848,Sadye Negal,cblaase2t@gizmodo.com,3304460958,Chicky Blaase,8868338017,cblaase2t@rambler.ru,12/15/2018,3/7/2019
103,103,677,Kile Waterland,dacres2u@house.gov,3053942076,Derwin Acres,4987725429,dacres2u@ebay.co.uk,12/9/2017,3/9/2019
104,104,734,Brietta Dicte,tpoundsford2v@mac.com,4427456780,Tobin Poundsford,3784421384,tpoundsford2v@vimeo.com,4/24/2016,3/11/2019
105,105,723,Shaun Golling,mtomadoni2w@joomla.org,5736866965,Mariya Tomadoni,8846269656,mtomadoni2w@geocities.jp,10/1/2018,3/12/2019
106,106,697,Padraic Causnett,mmccomb2x@un.org,4163479684,Marthe McComb,3333995743,mmccomb2x@irs.gov,5/9/2016,3/9/2019
107,107,643,Gayle Butt Gow,wonraet2y@yale.edu,4318853837,Wenda Onraet,7996253265,wonraet2y@gnu.org,1/8/2019,3/2/2019
108,108,820,Pippo Erricker,jdrysdell2z@pinterest.com,9462706351,Jeremie Drysdell,9239710612,jdrysdell2z@wordpress.com,7/10/2016,3/7/2019
109,109,797,Guglielma Keddle,wshirland30@woothemes.com,8562153659,Wake Shirland,8457004725,wshirland30@google.cn,6/24/2018,3/2/2019
110,110,525,Elysee Leat,bcleynman31@craigslist.org,1097395368,Brena Cleynman,8022111138,bcleynman31@issuu.com,3/29/2016,3/10/2019
111,111,815,Aloise Coney,mtate32@prlog.org,3491461096,Marline Tate,9501431162,mtate32@bbc.co.uk,9/13/2017,3/9/2019
112,112,628,Clark Popplewell,jventura33@reuters.com,4286881643,Janey Ventura,3637315701,jventura33@google.com.hk,9/1/2017,3/2/2019
113,113,647,Katie Altofts,kbamling34@ycombinator.com,4176674935,Karlee Bamling,1172111375,kbamling34@altervista.org,6/13/2016,3/8/2019
114,114,713,Ev Wallis,dlafferty35@360.cn,1062689785,Denyse Lafferty,9841697459,dlafferty35@indiatimes.com,3/20/2017,3/5/2019
115,115,985,Theadora Barzen,gdonwell36@bloglines.com,5165466848,George Donwell,4109201188,gdonwell36@microsoft.com,9/27/2017,3/12/2019
116,116,622,Lem Sherrard,bchawner37@yolasite.com,8602445253,Beatriz Chawner,6386987168,bchawner37@zimbio.com,9/17/2018,3/3/2019
117,117,809,Hadrian Grafhom,cgallelli38@utexas.edu,7713165640,Cleopatra Gallelli,9545826622,cgallelli38@psu.edu,4/2/2017,3/4/2019
118,118,832,Andros Shemelt,mkinneir39@marriott.com,9897987830,Matthiew Kinneir,2775102644,mkinneir39@youtu.be,11/18/2018,3/4/2019
119,119,540,Mae Aslin,kmccaughey3a@nydailynews.com,5864642665,Kirsti McCaughey,9654920359,kmccaughey3a@baidu.com,11/17/2016,3/2/2019
120,120,690,Gabriella Short,pmacklin3b@godaddy.com,7236490439,Palm Macklin,1344528537,pmacklin3b@slate.com,9/29/2016,3/8/2019
121,121,667,Stormy Biermatowicz,mjeyes3c@blogspot.com,9289939041,Marilyn Jeyes,7725863951,mjeyes3c@ezinearticles.com,3/24/2017,3/3/2019
122,122,689,Wye Pacher,lcraik3d@360.cn,9511937939,Leesa Craik,3043852559,lcraik3d@psu.edu,9/11/2018,3/5/2019
123,123,922,Cecilius Blesdill,mgrealey3e@cpanel.net,1679931418,Marylinda Grealey,8141065113,mgrealey3e@cloudflare.com,7/24/2016,3/11/2019
124,124,566,Conrado Gavin,lerat3f@alibaba.com,8372801191,Letisha Erat,6608610547,lerat3f@google.cn,9/9/2016,3/7/2019
125,125,530,Dana Licciardo,cdesbrow3g@examiner.com,5579527286,Carly Desbrow,3992355923,cdesbrow3g@miitbeian.gov.cn,11/3/2016,3/11/2019
126,126,871,Clarey Scrowton,hcausley3h@last.fm,9306333105,Hoebart Causley,9104730846,hcausley3h@msn.com,9/26/2018,3/12/2019
127,127,674,Alyda Tweedy,cwindle3i@friendfeed.com,7639159885,Carmela Windle,7662970524,cwindle3i@wp.com,4/30/2018,3/8/2019
128,128,613,Dorey Cotter,ifernier3j@t.co,4092883739,Isak Fernier,8358978522,ifernier3j@skype.com,5/2/2016,3/6/2019
129,129,954,Ninon Bernt,ewhetnell3k@nasa.gov,6107317613,Elsinore Whetnell,3205807057,ewhetnell3k@npr.org,3/24/2017,3/11/2019
130,130,813,Emmalyn Graundisson,ksmitten3l@state.gov,4934293058,Karla Smitten,4228111878,ksmitten3l@linkedin.com,3/28/2016,3/11/2019
131,131,593,Meriel Pethrick,tpeschmann3m@desdev.cn,7907890321,Ted Peschmann,5155472678,tpeschmann3m@google.it,1/11/2018,3/7/2019
132,132,577,Aloin Van Arsdalen,bamaya3n@acquirethisname.com,4415619071,Beck Amaya,8476851604,bamaya3n@mit.edu,1/14/2017,3/8/2019
133,133,951,Cam Lorek,kduiged3o@nytimes.com,7302629330,Kaile Duiged,5663990187,kduiged3o@123-reg.co.uk,8/15/2018,3/5/2019
134,134,522,Camilla Uttermare,jtarburn3p@ocn.ne.jp,8412091439,Joyous Tarburn,9835865383,jtarburn3p@printfriendly.com,3/17/2016,3/10/2019
135,135,678,Paco Adamovich,ppucknell3q@furl.net,8963107151,Philomena Pucknell,6705668860,ppucknell3q@opera.com,5/30/2016,3/3/2019
136,136,600,Magdalene Pyle,vellar3r@xrea.com,9089790887,Valentine Ellar,5552564328,vellar3r@mac.com,7/2/2017,3/7/2019
137,137,947,Melissa Paolino,ktaleworth3s@theglobeandmail.com,7553704004,Kerstin Taleworth,1294799694,ktaleworth3s@baidu.com,12/22/2018,3/4/2019
138,138,670,Siward Cowope,oayers3t@phoca.cz,6697966430,Orella Ayers,1827036423,oayers3t@usa.gov,11/7/2016,3/2/2019
139,139,905,Ignatius Pulman,sdemange3u@cmu.edu,1633798542,Stanton Demange,5012029493,sdemange3u@spiegel.de,10/31/2017,3/5/2019
140,140,932,Shaine Vivians,hjuster3v@google.com.au,5987040057,Hewe Juster,5568721042,hjuster3v@weibo.com,9/28/2017,3/10/2019
141,141,712,Camilla Porteous,bstairs3w@skyrock.com,5678354286,Bertrando Stairs,3966049165,bstairs3w@hostgator.com,7/19/2017,3/9/2019
142,142,867,Warren Maffey,clacknor3x@cnn.com,8339652756,Conchita Lacknor,2384246688,clacknor3x@edublogs.org,1/10/2018,3/2/2019
143,143,772,Flo Kilminster,jdeath3y@yahoo.co.jp,5056775736,Judy DeAth,5293557284,jdeath3y@upenn.edu,10/12/2017,3/4/2019
144,144,895,Hal Votier,rsawl3z@4shared.com,2914079368,Rosita Sawl,4823125774,rsawl3z@narod.ru,12/12/2016,3/8/2019
145,145,629,Cullan Mettrick,ddi40@statcounter.com,6291348112,Dunstan Di Pietro,6512631464,ddi40@so-net.ne.jp,6/7/2016,3/12/2019
146,146,834,Melonie Dumbrall,llongman41@mayoclinic.com,9403623916,Lettie Longman,2737373864,llongman41@technorati.com,12/19/2018,3/2/2019
147,147,605,Valma Swallow,acollecott42@youtu.be,6618109412,Annissa Collecott,3725590730,acollecott42@edublogs.org,7/3/2017,3/3/2019
148,148,924,Ramsay Davitti,mvossgen43@squidoo.com,6215436712,Maxie Vossgen,1742924122,mvossgen43@wsj.com,6/11/2016,3/8/2019
149,149,601,Laurence Hyman,etwist44@wired.com,6074674397,Emilie Twist,8801125596,etwist44@cbsnews.com,4/28/2017,3/3/2019
150,150,785,Martino Float,lspir45@mac.com,4065978142,Lamond Spir,9287917469,lspir45@nih.gov,10/14/2016,3/12/2019
151,151,719,Brad Scard,asifflett46@dion.ne.jp,6785676107,Aubrie Sifflett,8633957266,asifflett46@bbb.org,1/28/2018,3/8/2019
152,152,730,Clementia Godbald,bbullard47@gizmodo.com,7757911450,Bearnard Bullard,2115794360,bbullard47@nyu.edu,10/6/2017,3/11/2019
153,153,997,Weston Legrice,snunan48@answers.com,1167660843,Sophey Nunan,6288722548,snunan48@webnode.com,4/15/2017,3/12/2019
154,154,568,Rowe Pachmann,echue49@illinois.edu,8762180401,Evey Chue,6789115726,echue49@icio.us,5/5/2017,3/6/2019
155,155,706,Rebe Jaggi,sredd4a@craigslist.org,2112520548,Susette Redd,7099692216,sredd4a@mac.com,3/3/2018,3/7/2019
156,156,944,Demetris Kondrat,nmaccartney4b@uiuc.edu,7517576227,Normy MacCartney,8204833201,nmaccartney4b@a8.net,4/13/2018,3/6/2019
157,157,588,Lock De Francisci,gochiltree4c@census.gov,1489066390,Guntar Ochiltree,4412953041,gochiltree4c@fema.gov,10/28/2017,3/12/2019
158,158,782,Liz Joppich,sbernadot4d@1und1.de,5044398179,Savina Bernadot,8493074407,sbernadot4d@wsj.com,12/7/2017,3/5/2019
159,159,770,Lishe Riddich,ftrosdall4e@mlb.com,1756857964,Farleigh Trosdall,7079365765,ftrosdall4e@newyorker.com,8/8/2017,3/4/2019
160,160,777,Adele Matt,amargett4f@amazon.de,3586062834,Aryn Margett,4421799978,amargett4f@theguardian.com,11/30/2018,3/6/2019
161,161,725,Codie Blunsom,fcoady4g@economist.com,5357419225,Forster Coady,9323024436,fcoady4g@tamu.edu,6/15/2016,3/10/2019
162,162,806,Kleon Creaser,cfairpool4h@adobe.com,6443479142,Cyrill Fairpool,6449041352,cfairpool4h@taobao.com,3/30/2016,3/12/2019
163,163,971,Ansel Curnock,cstormes4i@lulu.com,4122488347,Cindie Stormes,4439752513,cstormes4i@hostgator.com,9/10/2018,3/11/2019
164,164,798,Rory Dayne,hisac4j@ihg.com,6465295475,Hannie Isac,5609007001,hisac4j@soup.io,2/21/2018,3/3/2019
165,165,925,Clarke Rouzet,escutchin4k@discuz.net,5804719251,Ezechiel Scutchin,6769734416,escutchin4k@independent.co.uk,4/4/2016,3/3/2019
166,166,997,Jimmie Van den Hof,trolse4l@reuters.com,9029932095,Trevar Rolse,6865801024,trolse4l@thetimes.co.uk,1/3/2018,3/10/2019
167,167,753,Yanaton Chapelhow,mvan4m@cyberchimps.com,7338533643,Moyra Van der Kruys,3661820691,mvan4m@freewebs.com,6/21/2017,3/7/2019
168,168,744,Bessie Nazer,kbrundale4n@t.co,7919017265,Kristofer Brundale,6749363389,kbrundale4n@squidoo.com,10/21/2017,3/3/2019
169,169,660,Danya Orrell,mandrioli4o@tmall.com,6114944913,Moyra Andrioli,9536509539,mandrioli4o@springer.com,12/20/2018,3/7/2019
170,170,688,Dwayne Sandiford,mhenrichs4p@independent.co.uk,7642502764,Margery Henrichs,1367007894,mhenrichs4p@wikispaces.com,4/20/2018,3/3/2019
171,171,956,Donielle Barreau,mpeedell4q@google.com.hk,9818781585,Marty Peedell,5806883655,mpeedell4q@homestead.com,7/30/2018,3/10/2019
172,172,514,Alphonse Ropert,dghilardi4r@wunderground.com,8251858902,Darrel Ghilardi,4333032558,dghilardi4r@diigo.com,7/22/2016,3/7/2019
173,173,664,Emmalynn Norwood,efitter4s@msn.com,7819694886,Eldridge Fitter,4119264277,efitter4s@twitter.com,9/21/2018,3/4/2019
174,174,674,Huntlee MacWhan,gwaeland4t@altervista.org,8833764305,Guinna Waeland,2901724560,gwaeland4t@zimbio.com,1/10/2018,3/7/2019
175,175,895,Galina Heaselgrave,paskham4u@mlb.com,9512378827,Pierson Askham,4984304762,paskham4u@tuttocitta.it,11/19/2018,3/2/2019
176,176,995,Stacia Gierek,rbuckston4v@list-manage.com,3984391160,Rufe Buckston,3263794655,rbuckston4v@i2i.jp,5/17/2017,3/4/2019
177,177,690,Gretna Southway,bcorpes4w@diigo.com,8837250923,Berrie Corpes,8155178856,bcorpes4w@furl.net,11/16/2017,3/6/2019
178,178,813,Marieann Aireton,tnorthen4x@51.la,9777894266,Tanney Northen,7325364182,tnorthen4x@home.pl,7/1/2016,3/10/2019
179,179,874,Eileen Moorerud,jsides4y@time.com,1255203013,Joelynn Sides,1624720887,jsides4y@whitehouse.gov,3/13/2017,3/11/2019
180,180,582,Farah Balser,jcaron4z@delicious.com,1185183012,Joana Caron,8799470234,jcaron4z@github.io,8/26/2016,3/9/2019
181,181,662,Jarrad Kitchenham,saldred50@mozilla.com,8472244069,Shanta Aldred,8311001313,saldred50@1688.com,6/14/2017,3/3/2019
182,182,840,Denny Arne,wbirchill51@arizona.edu,8826721057,Winn Birchill,3857338896,wbirchill51@ezinearticles.com,12/19/2017,3/10/2019
183,183,982,Caesar Adanet,gstrivens52@cdc.gov,7278829008,Gratia Strivens,3542214633,gstrivens52@last.fm,7/21/2018,3/6/2019
184,184,560,Nanine Fere,mscarre53@noaa.gov,9172207968,Mychal Scarre,1942719729,mscarre53@unc.edu,12/11/2016,3/8/2019
185,185,659,Jolie Forre,lbazell54@mysql.com,9035719445,Law Bazell,2866503749,lbazell54@icq.com,11/14/2017,3/2/2019
186,186,594,Clair Sammons,wkilbourn55@rediff.com,1559724767,Willabella Kilbourn,5015982834,wkilbourn55@census.gov,4/14/2016,3/8/2019
187,187,554,Ezequiel Garrie,cskade56@soundcloud.com,4941835795,Christina Skade,1403213490,cskade56@multiply.com,4/25/2016,3/7/2019
188,188,700,Maxie Halladey,maliberti57@scientificamerican.com,9249572818,Maurits Aliberti,8176024968,maliberti57@rediff.com,8/26/2016,3/11/2019
189,189,704,Shana Hamblington,jhercock58@mozilla.com,6846550778,Jeannette Hercock,5018350741,jhercock58@pinterest.com,11/26/2018,3/8/2019
190,190,639,Dov Hedworth,lcasado59@nbcnews.com,9983494692,Loydie Casado,7771623119,lcasado59@printfriendly.com,5/16/2016,3/6/2019
191,191,931,Cody Wannan,elabrenz5a@zimbio.com,5541626840,Ethel Labrenz,2655999182,elabrenz5a@sogou.com,9/22/2018,3/6/2019
192,192,641,Karlee Adel,gmacdonald5b@kickstarter.com,4475246307,Giacopo MacDonald,9645857011,gmacdonald5b@nba.com,6/18/2018,3/11/2019
193,193,830,Enrika Weller,dwurz5c@upenn.edu,3668604750,Dianemarie Wurz,5865914938,dwurz5c@imgur.com,2/10/2017,3/6/2019
194,194,835,Burlie Munford,drobertshaw5d@globo.com,6903043284,Devon Robertshaw,3605077777,drobertshaw5d@constantcontact.com,5/5/2018,3/6/2019
195,195,863,Berkly Buncom,dmurcutt5e@goo.gl,7448806015,Der Murcutt,6539392012,dmurcutt5e@gravatar.com,10/29/2016,3/9/2019
196,196,910,Keri Halshaw,pwiggam5f@spiegel.de,5644143540,Penn Wiggam,5005939782,pwiggam5f@dyndns.org,10/17/2017,3/2/2019
197,197,565,Gerrie MacIlhagga,rbrampton5g@miitbeian.gov.cn,6211911514,Rahel Brampton,3341038689,rbrampton5g@360.cn,9/29/2017,3/10/2019
198,198,748,Olimpia Mullaney,srielly5h@zdnet.com,8028327528,Sile Rielly,1079698523,srielly5h@istockphoto.com,5/25/2016,3/5/2019
199,199,990,Leeann Meneo,lbarthrup5i@intel.com,5612630336,Lynett Barthrup,1707212960,lbarthrup5i@reddit.com,2/15/2017,3/11/2019
200,200,647,Kristopher Everal,afollis5j@globo.com,6162977409,Abbie Follis,4089707609,afollis5j@europa.eu,4/20/2016,3/8/2019
201,201,670,Annabela Rickard,rtreadgall5k@ihg.com,6551427178,Ritchie Treadgall,4202962085,rtreadgall5k@dion.ne.jp,8/9/2017,3/10/2019
202,202,922,Jasun Grebner,mcammomile5l@bbb.org,1513438574,Murvyn Cammomile,3872395877,mcammomile5l@wikispaces.com,1/25/2019,3/4/2019
203,203,708,Gwen Le Barr,cle5m@ed.gov,9758465323,Cassondra Le Quesne,4055310021,cle5m@g.co,2/19/2018,3/8/2019
204,204,969,Cris Wike,cpendlebury5n@blog.com,4923213111,Conant Pendlebury,6502041204,cpendlebury5n@addthis.com,2/16/2019,3/9/2019
205,205,503,Nev Hardacre,loakenfield5o@smugmug.com,4404157729,Letti Oakenfield,9908777281,loakenfield5o@nih.gov,3/14/2016,3/5/2019
206,206,979,Ame Kerridge,hdi5p@rediff.com,5161069685,Holt Di Carli,2008609417,hdi5p@dedecms.com,8/7/2017,3/6/2019
207,207,732,Bibi McKeeman,rgovey5q@1und1.de,2176125740,Rivkah Govey,5685041077,rgovey5q@1und1.de,7/30/2016,3/12/2019
208,208,712,Arlyne Horsey,eofihily5r@spotify.com,2736826339,Elston OFihily,5503213104,eofihily5r@scientificamerican.com,7/2/2016,3/5/2019
209,209,636,Godfree Bodman,nitzkovsky5s@prnewswire.com,1286181825,Natalie Itzkovsky,7243392097,nitzkovsky5s@ycombinator.com,11/13/2016,3/7/2019
210,210,503,Joseph Spurryer,cmaccaull5t@sitemeter.com,4652035329,Connor MacCaull,6021929630,cmaccaull5t@china.com.cn,12/16/2016,3/3/2019
211,211,835,Shannen Warrier,ghuxley5u@alexa.com,6354980158,Guinna Huxley,7309248663,ghuxley5u@economist.com,9/26/2017,3/12/2019
212,212,885,Myrna Franckton,gbrandes5v@mashable.com,9677507320,Garold Brandes,4051387855,gbrandes5v@skyrock.com,9/12/2016,3/10/2019
213,213,850,Joe Plumbridge,tassante5w@hp.com,5885837039,Toby Assante,2565636051,tassante5w@hubpages.com,6/14/2017,3/6/2019
214,214,631,Nanete Cubin,kbartomeu5x@statcounter.com,9119225607,Karry Bartomeu,1924798803,kbartomeu5x@dot.gov,2/15/2019,3/9/2019
215,215,662,Padraic Skyrme,rcesaric5y@vinaora.com,1066141564,Reese Cesaric,1806331943,rcesaric5y@alexa.com,6/17/2017,3/6/2019
216,216,681,Beckie Iddiens,kveltman5z@samsung.com,6161948594,Kent Veltman,3913507380,kveltman5z@smugmug.com,3/31/2017,3/9/2019
217,217,560,Ashli Jess,dlesley60@toplist.cz,6615736057,Daryn Lesley,3677051889,dlesley60@com.com,6/8/2018,3/9/2019
218,218,871,Avis Jobbins,mcowx61@bbb.org,8375431174,Maura Cowx,3755910594,mcowx61@ted.com,4/13/2017,3/5/2019
219,219,522,Midge Christie,cnutkin62@geocities.jp,6207261074,Ciro Nutkin,2515674254,cnutkin62@weather.com,9/29/2018,3/9/2019
220,220,587,Daria Pillington,jlicciardello63@prnewswire.com,5271757852,Judie Licciardello,8857292962,jlicciardello63@reference.com,9/3/2016,3/8/2019
221,221,716,Guthry Karran,jcholwell64@time.com,9529519046,Jody Cholwell,5012247901,jcholwell64@statcounter.com,11/20/2018,3/3/2019
222,222,655,Aurore Bourdas,erallin65@businessweek.com,6494856580,Eulalie Rallin,6201026083,erallin65@tmall.com,4/18/2018,3/4/2019
223,223,643,Hanson Memory,llarmett66@telegraph.co.uk,4507658380,Leigha Larmett,5765824318,llarmett66@e-recht24.de,10/10/2016,3/2/2019
224,224,532,Sigmund Yesichev,efennelow67@blogger.com,7491596994,Ernesto Fennelow,6902630351,efennelow67@xing.com,11/11/2016,3/3/2019
225,225,667,Cynde Lecky,smousdall68@geocities.com,1512619371,Stillmann Mousdall,3453001358,smousdall68@pinterest.com,8/17/2017,3/6/2019
226,226,780,Corrie Ager,mofener69@t.co,4462756509,Malissa Ofener,5934440718,mofener69@mapquest.com,11/6/2016,3/8/2019
227,227,812,Dee dee Roland,truf6a@icq.com,6632220457,Tamas Ruf,4991770798,truf6a@indiatimes.com,1/26/2018,3/12/2019
228,228,818,Ethel Pechacek,sculy6b@bing.com,9696465614,Sibilla Culy,6775140310,sculy6b@statcounter.com,1/21/2017,3/7/2019
229,229,630,Marnia Dumigan,rtrippick6c@mozilla.org,5026379615,Reinhard Trippick,8566933385,rtrippick6c@auda.org.au,8/25/2018,3/12/2019
230,230,610,Nanete Daines,syewdell6d@springer.com,3557625382,Scot Yewdell,2411302535,syewdell6d@oracle.com,12/23/2017,3/11/2019
231,231,881,Bridget Mumberson,ibortolozzi6e@rambler.ru,4801319706,Irwin Bortolozzi,4096736458,ibortolozzi6e@auda.org.au,1/2/2019,3/7/2019
232,232,977,Kelbee Furzer,achamney6f@symantec.com,4834237516,Alvina Chamney,7137654528,achamney6f@clickbank.net,3/18/2018,3/3/2019
233,233,594,Tobe Mcettrick,kknowler6g@usnews.com,3874470229,Kenna Knowler,6782017996,kknowler6g@amazon.co.jp,1/9/2017,3/4/2019
234,234,784,Herbie Stot,hregitz6h@joomla.org,4937636310,Horace Regitz,3054465705,hregitz6h@arstechnica.com,3/27/2017,3/7/2019
235,235,964,Gabby Treppas,saskew6i@google.cn,7724939726,Saw Askew,7194182139,saskew6i@about.me,10/14/2018,3/8/2019
236,236,902,Sherwin Jakes,lbroadis6j@netscape.com,4428363337,Leighton Broadis,8076278076,lbroadis6j@loc.gov,5/30/2018,3/5/2019
237,237,635,Yelena Storey,ageldard6k@dmoz.org,5767783648,Armin Geldard,2994752387,ageldard6k@dedecms.com,4/22/2017,3/6/2019
238,238,858,Brunhilda Schwant,cmaccole6l@wix.com,6658287526,Caril MacCole,6449870625,cmaccole6l@archive.org,8/6/2016,3/2/2019
239,239,694,Aldis Longlands,cclarson6m@alexa.com,1439527148,Cathe Clarson,9452526932,cclarson6m@xrea.com,3/28/2018,3/3/2019
240,240,534,Margo Rupel,cabbett6n@behance.net,6461174640,Coralie Abbett,7658734787,cabbett6n@ning.com,6/3/2018,3/7/2019
241,241,626,Hestia Donan,bcarrell6o@google.com.au,1313875781,Brew Carrell,3365936415,bcarrell6o@mapquest.com,2/1/2019,3/7/2019
242,242,948,Marcela Braemer,cchoudhury6p@dell.com,9997647042,Colby Choudhury,9188088205,cchoudhury6p@mapy.cz,9/20/2017,3/8/2019
243,243,849,Judon Medwell,ayorston6q@tumblr.com,2774071787,Artemas Yorston,8511779095,ayorston6q@whitehouse.gov,6/7/2017,3/4/2019
244,244,642,Tanya Stive,ablowick6r@deliciousdays.com,8425941074,Astrix Blowick,7367920720,ablowick6r@wsj.com,1/19/2017,3/3/2019
245,245,679,Rebeca Huyhton,oskace6s@lulu.com,6878533484,Oby Skace,7735394208,oskace6s@webs.com,12/4/2017,3/3/2019
246,246,594,Ansel Pinnijar,jstoakes6t@odnoklassniki.ru,2015207229,Josefina Stoakes,2266761789,jstoakes6t@uol.com.br,11/3/2017,3/5/2019
247,247,709,Adelbert Antonich,fghent6u@ow.ly,7402714771,Frannie Ghent,8371445522,fghent6u@ow.ly,5/3/2016,3/9/2019
248,248,545,Melania Clemoes,dprichet6v@t-online.de,1385808768,Della Prichet,3919910953,dprichet6v@japanpost.jp,9/7/2018,3/9/2019
249,249,550,Geoffrey Farrens,rsiderfin6w@pbs.org,9836001041,Rene Siderfin,5149885560,rsiderfin6w@gnu.org,11/15/2016,3/9/2019
250,250,924,Jeannine Murricanes,kwoodstock6x@photobucket.com,9682057648,Kevyn Woodstock,3739406215,kwoodstock6x@miibeian.gov.cn,11/30/2016,3/10/2019
251,251,660,Dougy Biffen,aelmore6y@g.co,1392686428,Ailee Elmore,3178176589,aelmore6y@ycombinator.com,4/29/2018,3/5/2019
252,252,506,Yoshiko Magner,dfergusson6z@cnbc.com,1953447919,Dennie Fergusson,6126336937,dfergusson6z@vinaora.com,6/26/2016,3/10/2019
253,253,595,Nickey Raffin,bludewig70@sogou.com,4661824419,Barde Ludewig,2171303707,bludewig70@alibaba.com,7/31/2016,3/10/2019
254,254,678,Rudie Hulles,ghaack71@indiegogo.com,8173135491,Giffie Haack,8203602827,ghaack71@ezinearticles.com,9/13/2016,3/12/2019
255,255,532,Wiatt Brothwood,fsteptow72@umn.edu,5702234185,Faustina Steptow,9468425120,fsteptow72@tiny.cc,3/4/2018,3/10/2019
256,256,785,Alana Van Cassel,cmehmet73@archive.org,7666732128,Cari Mehmet,8047135868,cmehmet73@artisteer.com,2/20/2019,3/7/2019
257,257,734,Petrina Piens,nbrawson74@japanpost.jp,9813831206,Nobie Brawson,9199783338,nbrawson74@quantcast.com,5/10/2018,3/7/2019
258,258,609,Gabrielle Sudddard,ystockau75@joomla.org,2663209425,Yancy Stockau,3232033275,ystockau75@zdnet.com,5/19/2017,3/12/2019
259,259,976,Lenora Lindegard,lhitcham76@jugem.jp,8992440821,Lyon Hitcham,9002923939,lhitcham76@virginia.edu,6/13/2018,3/8/2019
260,260,966,Bendix Morphew,lfaro77@comcast.net,2035002507,Lanny Faro,9879194521,lfaro77@epa.gov,11/21/2017,3/12/2019
261,261,944,Toby Hein,tabreheart78@nba.com,9154829372,Teddy Abreheart,3284150157,tabreheart78@scribd.com,4/10/2017,3/9/2019
262,262,563,Foss Meredyth,rruffli79@china.com.cn,3339882639,Rois Ruffli,1672080410,rruffli79@parallels.com,10/24/2016,3/9/2019
263,263,522,Dannye Matschke,jgoalley7a@jugem.jp,4917026430,Jacinda Goalley,4902983493,jgoalley7a@vkontakte.ru,4/9/2017,3/11/2019
264,264,740,Anabella Careless,jtrim7b@usnews.com,9235213567,Julianne Trim,8387168398,jtrim7b@pbs.org,1/21/2019,3/3/2019
265,265,568,Bryn Backson,nipsly7c@joomla.org,9669012424,Nissie Ipsly,9231328356,nipsly7c@php.net,10/3/2016,3/3/2019
266,266,986,Monica Blincowe,lpavy7d@china.com.cn,5156989690,Lisabeth Pavy,6625264322,lpavy7d@example.com,1/8/2018,3/3/2019
267,267,527,Peta Volkers,rargabrite7e@irs.gov,7832479706,Randa Argabrite,9535105049,rargabrite7e@mac.com,8/16/2018,3/7/2019
268,268,894,Nata West,lduthie7f@paginegialle.it,3617490815,Lia Duthie,2099759409,lduthie7f@ted.com,6/11/2016,3/3/2019
269,269,903,Fayth Pickett,ccardero7g@goo.ne.jp,9662813970,Cynthie Cardero,7226039586,ccardero7g@pagesperso-orange.fr,9/3/2017,3/11/2019
270,270,940,Fielding Haslam,mdearl7h@imdb.com,9804928579,Minny Dearl,6261038074,mdearl7h@whitehouse.gov,9/12/2018,3/5/2019
271,271,601,Vannie Coen,uedinborough7i@dell.com,5361114278,Ulrika Edinborough,1591211641,uedinborough7i@hp.com,7/29/2016,3/6/2019
272,272,812,Max Canedo,kquinnette7j@amazon.co.uk,1241907338,Krishnah Quinnette,7949786825,kquinnette7j@google.nl,5/6/2017,3/7/2019
273,273,758,Suzie Constantinou,lhalbard7k@mozilla.com,5047448368,Leicester Halbard,3956010197,lhalbard7k@privacy.gov.au,5/19/2017,3/6/2019
274,274,565,Arlyn Brisbane,apargiter7l@netvibes.com,3003310256,Alidia Pargiter,8749247289,apargiter7l@craigslist.org,6/22/2016,3/7/2019
275,275,989,Tarrah Cawte,jframpton7m@hubpages.com,3773899470,Jethro Frampton,2874272335,jframpton7m@weather.com,1/11/2019,3/6/2019
276,276,677,Wilbur Mongan,gfaherty7n@printfriendly.com,4302837903,Gerta Faherty,4248395322,gfaherty7n@ucoz.ru,3/14/2018,3/3/2019
277,277,790,Lindy Conrad,pburrass7o@omniture.com,9608027665,Portia Burrass,8863305328,pburrass7o@aboutads.info,8/27/2018,3/5/2019
278,278,662,Clevey Rice,mkilgannon7p@globo.com,2234881413,Marcelline Kilgannon,9272692819,mkilgannon7p@moonfruit.com,1/23/2019,3/2/2019
279,279,500,Frazer Heselwood,kwagerfield7q@webeden.co.uk,2679442330,Kamila Wagerfield,7988247570,kwagerfield7q@tinyurl.com,6/5/2017,3/3/2019
280,280,738,Urban Poolton,mcostelloe7r@google.ca,8703226202,Maxi Costelloe,2128941235,mcostelloe7r@bandcamp.com,1/27/2018,3/2/2019
281,281,768,Ansell Thurlbourne,bminchell7s@bluehost.com,5357355232,Barrie Minchell,1764640123,bminchell7s@wikia.com,2/28/2017,3/3/2019
282,282,881,Sheila-kathryn Redolfi,civan7t@ebay.com,5839673718,Crysta Ivan,4511039411,civan7t@g.co,9/1/2017,3/8/2019
283,283,796,Marthena Isacke,hstarbucke7u@dion.ne.jp,7246109253,Heloise Starbucke,3652417372,hstarbucke7u@bandcamp.com,3/13/2017,3/11/2019
284,284,721,Algernon Woollacott,efeatenby7v@nymag.com,4006567288,Evangelina Featenby,4343872043,efeatenby7v@booking.com,2/3/2019,3/8/2019
285,285,678,Robinet Snadden,spischel7w@imdb.com,2649364772,Sharai Pischel,2595516561,spischel7w@opensource.org,7/27/2018,3/11/2019
286,286,997,Lanny Renon,mtabard7x@state.gov,1331232049,Moreen Tabard,9962585270,mtabard7x@sfgate.com,1/13/2019,3/4/2019
287,287,991,Giustina Pancoast,csole7y@godaddy.com,7655515952,Corie Sole,9904372094,csole7y@yahoo.com,11/14/2017,3/8/2019
288,288,705,Carmella McGaffey,rharlock7z@mac.com,9095645387,Rufe Harlock,7123689120,rharlock7z@unblog.fr,6/1/2017,3/8/2019
289,289,836,Cammi Labdon,dprewer80@hc360.com,6908479560,Darice Prewer,5114824076,dprewer80@shop-pro.jp,3/23/2018,3/9/2019
290,290,820,Coop Draco,lgarvin81@diigo.com,2388410454,Laurice Garvin,6238876642,lgarvin81@dmoz.org,1/27/2019,3/10/2019
291,291,624,Cointon Kohtler,tbuckett82@4shared.com,6287658854,Torrence Buckett,4788707506,tbuckett82@sciencedirect.com,11/19/2018,3/5/2019
292,292,574,Ody Battey,ajenken83@google.com.hk,1436042595,Amity Jenken,1279153040,ajenken83@alibaba.com,2/21/2018,3/2/2019
293,293,902,Edith Lipmann,azannelli84@prnewswire.com,9719280806,Anselm Zannelli,1412900810,azannelli84@tmall.com,12/4/2016,3/11/2019
294,294,770,Faustina Harriday,ogue85@cbslocal.com,1708588817,Olag Gue,4652878440,ogue85@umn.edu,7/10/2018,3/5/2019
295,295,911,Ira Thursby,mtiplady86@oakley.com,5388091244,Mamie Tiplady,8521564053,mtiplady86@yandex.ru,3/18/2018,3/7/2019
296,296,811,Elberta Snugg,jbiggam87@friendfeed.com,2751727059,Jess Biggam,4518644721,jbiggam87@theglobeandmail.com,6/2/2018,3/12/2019
297,297,603,Gleda Gritsunov,dmacritchie88@cloudflare.com,2282034791,Drake MacRitchie,8324141697,dmacritchie88@comcast.net,6/9/2018,3/12/2019
298,298,604,Phineas Kunat,vcannavan89@oaic.gov.au,3792258055,Vanda Cannavan,1947519479,vcannavan89@blogger.com,3/22/2018,3/6/2019
299,299,842,Heida Blasiak,ddyde8a@adobe.com,5876814888,Durand Dyde,3255578243,ddyde8a@blogger.com,12/8/2018,3/6/2019
300,300,531,Myriam Murrell,mtedahl8b@alibaba.com,4127034131,Malissia Tedahl,2163810207,mtedahl8b@mapy.cz,1/1/2018,3/12/2019
301,301,925,Lezlie Farress,mpailin8c@newsvine.com,6129177647,Maxim Pailin,6834665857,mpailin8c@tmall.com,7/13/2016,3/5/2019
302,302,834,Moreen Vlasin,bakehurst8d@virginia.edu,3493202756,Bertha Akehurst,7301683352,bakehurst8d@furl.net,5/22/2017,3/3/2019
303,303,987,Ariela Elphee,cmawman8e@dmoz.org,6908848994,Chloris Mawman,4584881516,cmawman8e@amazon.co.jp,11/14/2017,3/3/2019
304,304,701,Nichole Grassick,jcella8f@plala.or.jp,6574102352,Jim Cella,8701743811,jcella8f@taobao.com,4/12/2016,3/4/2019
305,305,514,Roch Manueau,cproudley8g@microsoft.com,4634687730,Candie Proudley,3897151535,cproudley8g@opensource.org,8/18/2018,3/4/2019
306,306,658,Egbert Lees,rgary8h@cbsnews.com,6973246267,Rozele Gary,9409180705,rgary8h@msn.com,6/22/2016,3/5/2019
307,307,835,Everard Dainter,cproctor8i@flavors.me,6086908831,Coop Proctor,3532892619,cproctor8i@gnu.org,6/14/2018,3/7/2019
308,308,687,Blair Voak,cscamal8j@diigo.com,8097243967,Camile Scamal,3126659316,cscamal8j@psu.edu,12/6/2017,3/7/2019
309,309,629,Bernadine Walburn,hcuxson8k@furl.net,6216947300,Hanna Cuxson,9737215677,hcuxson8k@weather.com,2/10/2018,3/12/2019
310,310,637,Gayle Manoelli,rholdron8l@rambler.ru,4937203212,Rori Holdron,7893924065,rholdron8l@deviantart.com,3/19/2018,3/3/2019
311,311,975,Nolly Curcher,bde8m@posterous.com,9065614950,Bentley De La Hay,2078276744,bde8m@de.vu,4/15/2016,3/10/2019
312,312,761,Kahaleel Leasor,dschustl8n@sogou.com,5153615509,Dotti Schustl,2783381111,dschustl8n@reference.com,2/7/2019,3/12/2019
313,313,500,Cindelyn Gorriessen,radelman8o@spiegel.de,9643357733,Rozalie Adelman,4859362588,radelman8o@homestead.com,10/29/2016,3/11/2019
314,314,630,Rosabelle Olenichev,crighy8p@tumblr.com,3738014962,Cristiano Righy,1103574538,crighy8p@livejournal.com,5/28/2017,3/5/2019
315,315,965,Minta Burling,breadwood8q@theguardian.com,8712835149,Burk Readwood,4936740152,breadwood8q@wikipedia.org,12/17/2017,3/2/2019
316,316,540,Babette Navan,aitzhayek8r@163.com,8612566439,Agustin Itzhayek,1011738577,aitzhayek8r@boston.com,5/1/2018,3/6/2019
317,317,739,Moselle Floris,crainey8s@ameblo.jp,7907917605,Candi Rainey,5755888499,crainey8s@dagondesign.com,10/2/2018,3/10/2019
318,318,946,Nappie Carratt,cdalrymple8t@booking.com,3167562140,Corrine Dalrymple,2684637994,cdalrymple8t@scribd.com,12/24/2018,3/6/2019
319,319,738,Kelila Krates,vpuve8u@wiley.com,7196596416,Viki Puve,1312795472,vpuve8u@fastcompany.com,3/28/2016,3/10/2019
320,320,976,Amie McDarmid,rdudding8v@opensource.org,7769313963,Raphael Dudding,3687573604,rdudding8v@toplist.cz,6/3/2016,3/7/2019
321,321,888,Dun Jakel,lhalsey8w@gravatar.com,4592433090,Lek Halsey,5316226261,lhalsey8w@goo.ne.jp,6/15/2018,3/4/2019
322,322,514,Alano Woliter,bmcmurdo8x@clickbank.net,7768805797,Bliss McMurdo,3571572297,bmcmurdo8x@yolasite.com,5/18/2016,3/6/2019
323,323,917,Verena Lies,dbreeds8y@ft.com,5233158895,Deloris Breeds,6915869654,dbreeds8y@wordpress.org,12/14/2017,3/2/2019
324,324,894,Gustaf Lidell,ccrossingham8z@mac.com,2534908068,Claudina Crossingham,3687384405,ccrossingham8z@psu.edu,2/22/2019,3/7/2019
325,325,884,Traci Janaway,mfalla90@bizjournals.com,8883200882,Marcelo Falla,7096369183,mfalla90@trellian.com,11/24/2017,3/9/2019
326,326,980,Zebulen Conisbee,sflecknell91@shutterfly.com,5698625442,Shawna Flecknell,2119471329,sflecknell91@bigcartel.com,4/12/2017,3/5/2019
327,327,860,Ranee Sandiford,mruilton92@amazon.co.jp,6302797242,Minnnie Ruilton,2633712656,mruilton92@360.cn,5/12/2017,3/5/2019
328,328,688,Dredi Gorhardt,jpues93@reddit.com,5389370437,Jaymee Pues,6014133369,jpues93@issuu.com,4/11/2018,3/9/2019
329,329,818,Gerek Durling,sjezard94@digg.com,9693346117,Sarena Jezard,4212705432,sjezard94@unicef.org,3/22/2016,3/9/2019
330,330,627,Base Woodley,acordeix95@sakura.ne.jp,3748055944,Anjela Cordeix,2058438801,acordeix95@fotki.com,8/29/2017,3/11/2019
331,331,711,Fred Dunmuir,nmckelvie96@ycombinator.com,9904922978,Nonie McKelvie,4592263775,nmckelvie96@pinterest.com,4/29/2017,3/8/2019
332,332,890,Catharina Addinall,wsmitham97@dyndns.org,1634748833,Wilfrid Smitham,5575960452,wsmitham97@themeforest.net,12/25/2018,3/12/2019
333,333,556,Madalyn Izat,mtenaunt98@moonfruit.com,1296031706,Mariellen Tenaunt,5207017311,mtenaunt98@seattletimes.com,6/4/2016,3/6/2019
334,334,905,Tine Losebie,astickles99@paypal.com,2986852033,Ashil Stickles,5476449065,astickles99@dailymail.co.uk,1/5/2017,3/7/2019
335,335,774,Teddy Glanz,cfellman9a@cbslocal.com,5819817797,Collete Fellman,2424695395,cfellman9a@google.fr,11/10/2017,3/11/2019
336,336,817,Bethany Hrishchenko,dgilbane9b@wikimedia.org,1139969815,Dorelle Gilbane,1865503969,dgilbane9b@theatlantic.com,5/15/2017,3/3/2019
337,337,560,Arleta Ducker,gephgrave9c@wordpress.org,2523191642,Gilbertine Ephgrave,2175603295,gephgrave9c@icq.com,2/14/2018,3/6/2019
338,338,719,Burlie Brenston,ebernt9d@imgur.com,2901278891,Eda Bernt,4071718557,ebernt9d@multiply.com,2/3/2019,3/11/2019
339,339,920,Gaven Dobbing,nsloan9e@marketwatch.com,9953232941,Nanette Sloan,1233750918,nsloan9e@accuweather.com,8/1/2018,3/5/2019
340,340,977,Westbrook Giorgielli,gsunnex9f@linkedin.com,2143540208,Grace Sunnex,4597299507,gsunnex9f@state.gov,4/16/2018,3/12/2019
341,341,970,Kelci Cordy,aweekly9g@ezinearticles.com,9887440726,Auguste Weekly,5846256170,aweekly9g@bandcamp.com,1/10/2017,3/8/2019
342,342,650,Emery McMaster,ahucquart9h@dell.com,5461456288,Ailey Hucquart,6341540710,ahucquart9h@howstuffworks.com,2/4/2017,3/4/2019
343,343,578,Emile Samarth,crodnight9i@ox.ac.uk,6924352709,Cammy Rodnight,3392247500,crodnight9i@epa.gov,7/1/2018,3/9/2019
344,344,677,Brianna Lighterness,bhulles9j@unc.edu,6407938366,Berti Hulles,2641416967,bhulles9j@goo.gl,12/4/2017,3/5/2019
345,345,980,Austen Lippard,lgianotti9k@topsy.com,7935801487,Lorettalorna Gianotti,3823801769,lgianotti9k@disqus.com,10/22/2018,3/10/2019
346,346,896,Bernardine Garnsey,mhurche9l@independent.co.uk,8891981121,Marieann Hurche,4783487474,mhurche9l@dropbox.com,1/7/2018,3/10/2019
347,347,687,Dillon Lande,rfealty9m@vinaora.com,5726193897,Rachael Fealty,2136751907,rfealty9m@utexas.edu,10/27/2018,3/12/2019
348,348,659,Filmore Osbidston,nwayt9n@wisc.edu,8186041201,Nil Wayt,9386279029,nwayt9n@typepad.com,8/22/2017,3/5/2019
349,349,947,Cale Elverston,sphizackerly9o@usnews.com,8429452878,Sebastian Phizackerly,9217345054,sphizackerly9o@fda.gov,3/5/2017,3/7/2019
350,350,615,Cyrill Rosenwald,rhefford9p@cbslocal.com,2977960461,Raynor Hefford,6776360592,rhefford9p@wikipedia.org,3/30/2016,3/5/2019
351,351,970,Drucie Sappy,ktrickey9q@netvibes.com,2404999704,Kristien Trickey,6689621478,ktrickey9q@exblog.jp,8/16/2017,3/2/2019
352,352,715,Kizzie McGeachie,daasaf9r@reddit.com,7026693154,Drugi Aasaf,4787374673,daasaf9r@buzzfeed.com,12/11/2016,3/7/2019
353,353,934,Dolly Bracci,dsebert9s@istockphoto.com,9345807743,Dacy Sebert,3925167988,dsebert9s@npr.org,4/17/2017,3/10/2019
354,354,736,Charlotta Crudge,peddis9t@narod.ru,9858208837,Pacorro Eddis,4173946541,peddis9t@umich.edu,1/29/2017,3/12/2019
355,355,873,Steward Whitechurch,manwyl9u@oaic.gov.au,7393324184,Mauricio Anwyl,6199618237,manwyl9u@craigslist.org,1/26/2018,3/10/2019
356,356,601,Silvie Mattersley,wbilby9v@nature.com,4229328651,Walt Bilby,6471820661,wbilby9v@bbb.org,10/7/2018,3/11/2019
357,357,887,Laura Doone,bhatherill9w@wsj.com,8333155303,Benita Hatherill,9659597937,bhatherill9w@bbc.co.uk,4/5/2017,3/8/2019
358,358,905,Aldwin Letertre,slamonby9x@nps.gov,3466315325,Sukey Lamonby,4251976584,slamonby9x@nps.gov,8/19/2018,3/9/2019
359,359,744,Darwin Andreolli,nbrigshaw9y@techcrunch.com,8917301896,Nicolais Brigshaw,3874611136,nbrigshaw9y@bizjournals.com,5/7/2017,3/3/2019
360,360,747,Anabella Pedder,nduncanson9z@istockphoto.com,5714480830,Nedda Duncanson,6729470594,nduncanson9z@cam.ac.uk,4/9/2016,3/2/2019
361,361,871,Barty Toun,wkermona0@arizona.edu,3241912124,Wendeline Kermon,8029204878,wkermona0@jimdo.com,6/27/2017,3/9/2019
362,362,726,Gray Deverall,rolpina1@statcounter.com,4195470221,Rainer Olpin,6245297036,rolpina1@jimdo.com,11/27/2017,3/2/2019
363,363,567,Daphene Blachford,rstoecklea2@blogtalkradio.com,9495471483,Rolf Stoeckle,7996130597,rstoecklea2@qq.com,4/5/2018,3/2/2019
364,364,763,Jo-anne Biernat,otendera3@google.cn,2309768838,Ofilia Tender,7175127646,otendera3@wikimedia.org,4/14/2018,3/2/2019
365,365,538,Martynne Dohrmann,omacshanea4@utexas.edu,4274769254,Odella MacShane,3916402994,omacshanea4@ameblo.jp,7/14/2017,3/7/2019
366,366,869,Lidia MacKessock,jcornella5@timesonline.co.uk,8016081410,Jdavie Cornell,4833295745,jcornella5@elegantthemes.com,10/3/2016,3/2/2019
367,367,876,Asher Titchard,gtuckwooda6@guardian.co.uk,4708321625,Gertie Tuckwood,4955102970,gtuckwooda6@wired.com,7/5/2018,3/2/2019
368,368,603,Adriena Chiswell,bjosea7@webeden.co.uk,2525139593,Beck Jose,6642885837,bjosea7@deviantart.com,2/22/2017,3/3/2019
369,369,847,Vittoria Morby,nbenedicta8@gov.uk,9128677835,Nerte Benedict,4104639998,nbenedicta8@woothemes.com,12/2/2017,3/9/2019
370,370,786,Codi Parysiak,mcoattsa9@slideshare.net,1364150248,Madge Coatts,2463781428,mcoattsa9@cbslocal.com,2/1/2017,3/9/2019
371,371,598,Gilda Kellart,ccowndenaa@cnet.com,5304816892,Carline Cownden,5493388617,ccowndenaa@flickr.com,9/22/2018,3/2/2019
372,372,802,Lillian Quincee,jjestab@adobe.com,5059709951,Joell Jest,8097742786,jjestab@youku.com,3/23/2017,3/11/2019
373,373,881,Nobe Leward,kelbournac@angelfire.com,9096883910,Kasey Elbourn,8739239134,kelbournac@spotify.com,2/12/2018,3/6/2019
374,374,777,Cam Smitheman,shamertonad@ebay.co.uk,6008342011,Stefanie Hamerton,1081984030,shamertonad@ask.com,11/26/2018,3/11/2019
375,375,674,Avictor Mainstone,eecobae@friendfeed.com,3465913645,Erroll Ecob,8845139322,eecobae@blogspot.com,8/4/2018,3/6/2019
376,376,796,Goraud Rubinfajn,ttargetteraf@hubpages.com,5232314669,Tymon Targetter,6334597069,ttargetteraf@blogs.com,10/8/2017,3/6/2019
377,377,927,Rustie De Morena,jfuzzardag@aol.com,5945311905,Julian Fuzzard,4897881102,jfuzzardag@wikimedia.org,1/9/2019,3/2/2019
378,378,642,Jemima Gravener,ksiggsah@hibu.com,2066907302,Kirsteni Siggs,3956476473,ksiggsah@joomla.org,11/22/2016,3/10/2019
379,379,678,Evangelina Charlton,odurbridgeai@deviantart.com,3258656829,Oralee Durbridge,2955943290,odurbridgeai@oaic.gov.au,6/21/2017,3/8/2019
380,380,915,Harper Castells,shartfordaj@histats.com,2813651285,Salomone Hartford,2252969337,shartfordaj@barnesandnoble.com,11/11/2017,3/9/2019
381,381,961,Briano Josovitz,sdownesak@latimes.com,5986162914,Shelton Downes,8353537890,sdownesak@go.com,7/2/2018,3/4/2019
382,382,853,Edeline Porteous,dbinnsal@multiply.com,6381382874,Dierdre Binns,5793729358,dbinnsal@shinystat.com,9/29/2018,3/9/2019
383,383,733,Hortense Archbell,ggatcliffam@virginia.edu,7005846550,Garland Gatcliff,8898280410,ggatcliffam@facebook.com,8/24/2016,3/2/2019
384,384,903,Genvieve McCalister,abourbonan@flavors.me,5859043264,Aube Bourbon,6897921304,abourbonan@mapy.cz,4/19/2017,3/11/2019
385,385,905,Shep Phette,aizzardao@miitbeian.gov.cn,5498720402,Aurelie Izzard,7631538759,aizzardao@meetup.com,12/4/2018,3/6/2019
386,386,952,Munmro Demcak,tfrostap@adobe.com,6856048578,Tildy Frost,3989279135,tfrostap@irs.gov,4/1/2016,3/11/2019
387,387,604,Shanan Ramas,sstyantaq@tripadvisor.com,8432586241,Sorcha Styant,6305044802,sstyantaq@altervista.org,10/9/2018,3/11/2019
388,388,719,Odele Pudge,gmonardar@amazon.co.uk,5788453627,Goldarina Monard,5528859579,gmonardar@rakuten.co.jp,4/26/2016,3/2/2019
389,389,999,Lucila Shellshear,mtitleyas@imgur.com,6499719703,Maryann Titley,1259065250,mtitleyas@reuters.com,4/27/2016,3/5/2019
390,390,650,Florance Thickin,vtrinkeat@chron.com,5764949576,Verina Trinke,8674441202,vtrinkeat@google.com.au,4/8/2017,3/7/2019
391,391,772,Dalis McAlester,troyleau@t-online.de,5355352887,Terrel Royle,5393374493,troyleau@example.com,2/24/2019,3/7/2019
392,392,677,Channa Marples,damberav@geocities.com,8849072654,Dollie Amber,2483632387,damberav@xrea.com,2/9/2018,3/4/2019
393,393,933,Pearline Raynham,rottonaw@tripod.com,6972641295,Robyn Otton,6157444064,rottonaw@gnu.org,11/6/2018,3/9/2019
394,394,906,Bronson Gready,lhanmerax@example.com,5897184992,Lazaro Hanmer,2848800563,lhanmerax@ox.ac.uk,10/5/2016,3/11/2019
395,395,888,Kurt Baker,weverillay@ow.ly,9412669839,Windham Everill,4023379286,weverillay@amazon.co.uk,12/16/2016,3/3/2019
396,396,556,Patrizius Nafzger,dactonaz@pen.io,3515169751,Debora Acton,8128235884,dactonaz@bing.com,4/13/2018,3/11/2019
397,397,734,Jocelin Norledge,lhawfordb0@google.co.jp,8836851424,Lois Hawford,7307330138,lhawfordb0@ustream.tv,6/1/2018,3/6/2019
398,398,788,Brigida Sailes,wbushelb1@unblog.fr,5214496457,Wendall Bushel,7518173683,wbushelb1@scribd.com,11/12/2017,3/11/2019
399,399,673,Cherianne Bicker,ecosterdb2@ucla.edu,7066512926,Ellissa Costerd,6347243490,ecosterdb2@cbslocal.com,11/14/2016,3/11/2019
400,400,605,Cornelia Sabattier,gghentb3@nature.com,5133293928,Gray Ghent,2197287304,gghentb3@umich.edu,12/7/2018,3/2/2019
401,401,655,Konstantine Elham,wwressellb4@sohu.com,9957742339,Worthy Wressell,7168228433,wwressellb4@spiegel.de,1/20/2019,3/6/2019
402,402,669,Ambrosius Lealle,ecumeskyb5@state.tx.us,8792106600,Ermin Cumesky,6321486577,ecumeskyb5@hexun.com,6/1/2017,3/8/2019
403,403,559,Griff Rowantree,cpeacockeb6@slate.com,4997839100,Charmain Peacocke,2247684518,cpeacockeb6@pagesperso-orange.fr,6/9/2016,3/12/2019
404,404,564,Natala Paik,atommisb7@mapy.cz,2428053810,Antone Tommis,2198968917,atommisb7@ucoz.ru,10/5/2017,3/7/2019
405,405,871,Easter Hoston,gfuenteb8@huffingtonpost.com,8845900044,Gigi Fuente,7222152809,gfuenteb8@issuu.com,10/27/2017,3/4/2019
406,406,618,Mabel Darinton,akerssb9@flavors.me,8412782823,Angelina Kerss,4624842629,akerssb9@51.la,6/25/2018,3/6/2019
407,407,699,Lorilyn Crottagh,tlayzellba@multiply.com,1338786484,Teodorico Layzell,6208538262,tlayzellba@cpanel.net,8/15/2018,3/8/2019
408,408,813,Rolf Whordley,csheppardbb@irs.gov,4075445250,Christina Sheppard,5917026388,csheppardbb@google.fr,4/12/2017,3/5/2019
409,409,958,Lorin Belle,lfryattbc@sourceforge.net,7673206175,Leonora Fryatt,8398831680,lfryattbc@google.com.au,8/9/2016,3/11/2019
410,410,543,Tybi Geggie,shackleybd@intel.com,7926237537,Stormie Hackley,1075196715,shackleybd@yandex.ru,10/9/2016,3/5/2019
411,411,871,Terra Standen,fferminbe@blog.com,4432388101,Fifi Fermin,7385828613,fferminbe@theguardian.com,1/3/2017,3/3/2019
412,412,863,Jory Munt,sbertotbf@bluehost.com,1526044790,Shannon Bertot,8769163038,sbertotbf@huffingtonpost.com,4/17/2016,3/10/2019
413,413,782,Diane Brockie,ptelfordbg@craigslist.org,6006176158,Peria Telford,2025320575,ptelfordbg@noaa.gov,4/28/2017,3/12/2019
414,414,901,Skippie Heyball,mchampnissbh@huffingtonpost.com,9662817121,Mollie Champniss,3556553652,mchampnissbh@slideshare.net,6/15/2017,3/11/2019
415,415,610,Lyn Bottby,rllorentebi@123-reg.co.uk,8474249378,Reuben Llorente,2832101723,rllorentebi@kickstarter.com,4/15/2016,3/8/2019
416,416,796,Gaye Wain,ccantillonbj@go.com,3191361326,Cherlyn Cantillon,8532123887,ccantillonbj@baidu.com,12/9/2016,3/2/2019
417,417,848,Gilles Longman,sfinnisbk@gov.uk,5638918409,Siouxie Finnis,6845987932,sfinnisbk@naver.com,3/19/2017,3/12/2019
418,418,988,Siana Whitwood,ehannenbl@eepurl.com,7229161568,Everett Hannen,9747185280,ehannenbl@multiply.com,6/2/2018,3/2/2019
419,419,902,Lyda Tarn,agoftonbm@usa.gov,5563992270,Aurea Gofton,9976856549,agoftonbm@uiuc.edu,4/9/2017,3/9/2019
420,420,652,Poppy Dicken,wfursebn@flavors.me,7218922731,Walliw Furse,5732536612,wfursebn@who.int,2/11/2017,3/4/2019
421,421,674,Avie Amori,cciccibo@fda.gov,3516506047,Courtnay Cicci,2063901763,cciccibo@economist.com,5/18/2018,3/6/2019
422,422,806,Mylo Warstall,bphayrebp@stumbleupon.com,5405410752,Brody Phayre,5817172324,bphayrebp@cam.ac.uk,9/30/2018,3/10/2019
423,423,696,Evelin Ashfield,tshotterbq@linkedin.com,1371863883,Tades Shotter,2595357266,tshotterbq@google.es,10/5/2016,3/4/2019
424,424,628,Thomasina Travis,kbockinbr@craigslist.org,1519415041,Kessia Bockin,9619684050,kbockinbr@mapy.cz,5/10/2018,3/5/2019
425,425,799,Horatio Halwood,jbehningbs@ehow.com,1833573176,Jasmina Behning,9871365739,jbehningbs@wikia.com,9/1/2016,3/4/2019
426,426,935,Remy Mewrcik,aechbt@prweb.com,4156094881,Anjanette Ech,4783843179,aechbt@google.co.uk,11/12/2018,3/10/2019
427,427,646,Ninon Trappe,abrainebu@wix.com,1423689304,Arthur Braine,8807594874,abrainebu@blogtalkradio.com,1/19/2019,3/3/2019
428,428,703,Elfreda Murcott,nvirgoebv@reverbnation.com,3599064677,Nanci Virgoe,3228781890,nvirgoebv@wufoo.com,3/21/2017,3/5/2019
429,429,973,Lance Rumming,ntilbeybw@auda.org.au,2741730869,Nickolaus Tilbey,3071707270,ntilbeybw@exblog.jp,5/23/2017,3/12/2019
430,430,537,Leland Wisden,mgheorghiebx@reference.com,1309259757,Maureene Gheorghie,3992282582,mgheorghiebx@ehow.com,1/12/2019,3/6/2019
431,431,607,Stormi Getley,cbardillby@paypal.com,2501623717,Calv Bardill,7233924681,cbardillby@example.com,3/22/2016,3/11/2019
432,432,665,Ciel Wyrill,bnowakowskabz@geocities.com,1466779600,Bald Nowakowska,5859462166,bnowakowskabz@ebay.com,8/29/2017,3/8/2019
433,433,637,Fleurette Fernez,krosentholerc0@uol.com.br,6841587120,Karmen Rosentholer,5415157838,krosentholerc0@nih.gov,6/12/2018,3/8/2019
434,434,590,Florenza Goatman,lchristoffelsc1@prlog.org,2518610112,Lesley Christoffels,8506739407,lchristoffelsc1@psu.edu,9/23/2016,3/8/2019
435,435,710,Drusi Lyster,gdonneelyc2@sciencedirect.com,6082013390,Glynnis Donneely,6053256096,gdonneelyc2@printfriendly.com,2/21/2019,3/11/2019
436,436,668,Jacquelin Pesselt,jizakovc3@webs.com,9257547016,Jessi Izakov,2946905981,jizakovc3@sina.com.cn,8/16/2016,3/7/2019
437,437,798,Serene Kersey,awhitlamc4@merriam-webster.com,8097711366,Analiese Whitlam,8998934670,awhitlamc4@pen.io,6/22/2016,3/8/2019
438,438,551,Farah Leyland,mshynnc5@purevolume.com,2285823720,Minetta Shynn,9972615265,mshynnc5@fc2.com,2/1/2017,3/2/2019
439,439,764,Kinnie Canlin,mcarlessoc6@wix.com,4273100071,Melisent Carlesso,8528324844,mcarlessoc6@networksolutions.com,11/2/2016,3/12/2019
440,440,650,Evita Aucutt,echorltonc7@nba.com,2551564531,Ezmeralda Chorlton,7358510647,echorltonc7@nifty.com,10/24/2017,3/11/2019
441,441,764,Anatola Loughren,mbeddoesc8@gravatar.com,8482084556,Marybeth Beddoes,5182471009,mbeddoesc8@lulu.com,11/19/2016,3/5/2019
442,442,718,Marge Caudrelier,anavanc9@xinhuanet.com,9055490475,Alon Navan,5311062855,anavanc9@theguardian.com,5/20/2017,3/11/2019
443,443,587,Eliot Andrzejewski,pgaythorpeca@java.com,7048706546,Pearce Gaythorpe,2702531569,pgaythorpeca@infoseek.co.jp,11/27/2016,3/6/2019
444,444,811,Bride Jirak,jmenichinicb@reddit.com,8808140235,Joceline Menichini,1579884308,jmenichinicb@microsoft.com,5/27/2018,3/8/2019
445,445,620,Mychal Cabena,kollivecc@cmu.edu,2674278912,Katherina Ollive,7544683320,kollivecc@w3.org,2/7/2019,3/3/2019
446,446,584,Linn Bollis,lchristycd@slideshare.net,1504098689,Lyn Christy,3883504262,lchristycd@blog.com,1/14/2017,3/6/2019
447,447,993,Salvador Gimeno,pzukerce@github.io,9433460854,Philomena Zuker,9922383782,pzukerce@squidoo.com,2/23/2018,3/6/2019
448,448,889,Roddy Dmitrovic,fgirardcf@mapquest.com,6615373636,Farlay Girard,7981182811,fgirardcf@ovh.net,12/2/2016,3/5/2019
449,449,913,Tracy Brodie,rhambycg@a8.net,3294713506,Renie Hamby,7697257538,rhambycg@nytimes.com,1/24/2017,3/2/2019
450,450,880,Nikaniki Passler,jtillyerch@so-net.ne.jp,9437364397,Jessalin Tillyer,7564134391,jtillyerch@creativecommons.org,10/18/2017,3/2/2019
451,451,839,Chrysler Coltart,selsburyci@desdev.cn,2479022736,Sarina Elsbury,2797687551,selsburyci@weather.com,1/5/2019,3/8/2019
452,452,793,Jonah Berzen,klornsencj@smugmug.com,7859089005,Kellia Lornsen,9341947412,klornsencj@pcworld.com,12/6/2016,3/12/2019
453,453,940,Penn Adamovitch,lferrieriock@odnoklassniki.ru,7136766953,Lazare Ferrierio,8227102104,lferrieriock@wikia.com,9/4/2016,3/11/2019
454,454,534,Wallas Lovstrom,drichtcl@washington.edu,2315500214,Donnamarie Richt,8248814972,drichtcl@wix.com,9/13/2018,3/4/2019
455,455,567,Adelbert Bamlett,ehindgecm@shareasale.com,4956779419,Eva Hindge,3487066601,ehindgecm@ow.ly,11/30/2017,3/9/2019
456,456,761,Jules Akers,jitskovitzcn@mac.com,5224380438,Jaime Itskovitz,7305664153,jitskovitzcn@cnbc.com,9/17/2018,3/10/2019
457,457,671,Fleming McGurk,kgellyco@cdc.gov,9436526345,Karlan Gelly,6265638501,kgellyco@msu.edu,2/13/2019,3/4/2019
458,458,605,Natalee Lipscombe,ukaboscp@chicagotribune.com,1955936189,Ulrich Kabos,5128119663,ukaboscp@cpanel.net,5/24/2016,3/8/2019
459,459,508,Corry Fyall,mpextoncq@ucoz.ru,1647830633,Melodie Pexton,9168046051,mpextoncq@businesswire.com,3/28/2018,3/3/2019
460,460,652,Stanly Maltman,gwhelbandcr@flickr.com,6796109940,Gabie Whelband,7746967108,gwhelbandcr@google.com.hk,3/21/2016,3/3/2019
461,461,976,Anya Wimes,agrinnikovcs@vimeo.com,5302708492,Alon Grinnikov,6066350958,agrinnikovcs@howstuffworks.com,12/25/2016,3/4/2019
462,462,915,Ange Burgot,dlordingct@toplist.cz,6952063320,Darlene Lording,1985816854,dlordingct@mapquest.com,5/2/2016,3/10/2019
463,463,925,Francesco Bickerdyke,iraimbauldcu@photobucket.com,5139213606,Ignace Raimbauld,1724308528,iraimbauldcu@reuters.com,4/3/2018,3/9/2019
464,464,673,Brigitta Nel,cmccathiecv@wired.com,2793053779,Claribel McCathie,7256739020,cmccathiecv@dailymotion.com,3/6/2017,3/4/2019
465,465,837,Timothy Feavearyear,dgomarcw@forbes.com,6532747332,Davidson Gomar,8761299176,dgomarcw@admin.ch,9/6/2018,3/5/2019
466,466,759,Berne Grunwald,jbusstcx@utexas.edu,7453338623,Joete Busst,3792392919,jbusstcx@usnews.com,11/9/2016,3/12/2019
467,467,634,Ches Daubney,fdaborncy@scribd.com,9914188741,Fernanda Daborn,9091411746,fdaborncy@europa.eu,9/3/2018,3/6/2019
468,468,910,Inesita Pettigree,obetkecz@smugmug.com,3223860872,Osbert Betke,6032085272,obetkecz@businessweek.com,6/29/2017,3/3/2019
469,469,852,Laurel Birtles,aramselld0@baidu.com,5611075363,Arlyne Ramsell,5524201749,aramselld0@yandex.ru,7/3/2016,3/3/2019
470,470,561,Margret Chsteney,sskulletd1@guardian.co.uk,4957255366,Stanislas Skullet,3529637803,sskulletd1@behance.net,9/9/2016,3/8/2019
471,471,988,Tamara Witherop,llistd2@npr.org,7137319644,Linda List,6383610972,llistd2@amazon.com,1/30/2017,3/6/2019
472,472,945,Lorrie Rudkin,wfranceschd3@1und1.de,5262261138,Wilone Francesch,4767571706,wfranceschd3@archive.org,12/17/2017,3/9/2019
473,473,553,Lauralee Einchcombe,aspiveyd4@stumbleupon.com,8995492465,Althea Spivey,8424371817,aspiveyd4@comcast.net,6/2/2016,3/11/2019
474,474,738,Ardra Elsley,hredittd5@gmpg.org,8705344668,Hurlee Reditt,7537318095,hredittd5@icio.us,8/5/2018,3/5/2019
475,475,664,Hedvig Plumbley,ofellinid6@umich.edu,6715873547,Ode Fellini,6968511801,ofellinid6@theglobeandmail.com,8/7/2018,3/6/2019
476,476,890,Bernardo Zanettini,mvodend7@flickr.com,5238425581,Meghan Voden,7172459223,mvodend7@un.org,9/11/2016,3/10/2019
477,477,974,Marysa Daynter,rworsfieldd8@desdev.cn,4331562499,Rahal Worsfield,7061012438,rworsfieldd8@xing.com,7/22/2016,3/5/2019
478,478,750,Ana Bolton,kmarzellanod9@com.com,1284523910,Kendre Marzellano,1965292838,kmarzellanod9@bluehost.com,6/5/2016,3/7/2019
479,479,969,Alphard Knapman,basburyda@netlog.com,7024429012,Bowie Asbury,5862606507,basburyda@yandex.ru,3/17/2017,3/8/2019
480,480,790,Mikol Paireman,gpedwelldb@sourceforge.net,3381532616,Gunilla Pedwell,9463655083,gpedwelldb@deviantart.com,1/7/2019,3/10/2019
481,481,866,Crissie Sijmons,pklejindc@sogou.com,2653995219,Petronia Klejin,4268252589,pklejindc@constantcontact.com,4/5/2017,3/12/2019
482,482,726,Arni Townley,fcawstondd@shop-pro.jp,1948354060,Fredrick Cawston,1831114163,fcawstondd@ucla.edu,1/22/2019,3/3/2019
483,483,797,Etheline Dufaire,sskowcraftde@telegraph.co.uk,7967719029,Shalne Skowcraft,1236740172,sskowcraftde@weebly.com,5/6/2017,3/11/2019
484,484,718,Alastair Bucher,htricedf@va.gov,8951312466,Hermina Trice,6656475774,htricedf@bizjournals.com,9/11/2018,3/7/2019
485,485,519,Mildrid Belham,gedlestondg@friendfeed.com,5543118217,Gipsy Edleston,2102955269,gedlestondg@wix.com,4/27/2016,3/3/2019
486,486,512,Fabiano Sutherns,cstokeydh@yandex.ru,2739135963,Corty Stokey,5853780086,cstokeydh@nifty.com,2/19/2019,3/10/2019
487,487,975,Salaidh Ledson,krickersydi@intel.com,7049978710,Kendal Rickersy,9807609386,krickersydi@boston.com,5/27/2018,3/7/2019
488,488,741,Bondon Pellitt,rlethibridgedj@yelp.com,9912798874,Rudiger Lethibridge,6225707959,rlethibridgedj@4shared.com,12/2/2018,3/9/2019
489,489,662,Glen Glennon,mpringerdk@fc2.com,5676029160,Maria Pringer,7166941913,mpringerdk@prlog.org,3/23/2016,3/4/2019
490,490,502,Thibaud Byne,sjohnigandl@friendfeed.com,7983288593,Sydney Johnigan,2187284347,sjohnigandl@theglobeandmail.com,1/10/2019,3/5/2019
491,491,731,Aidan Chestney,wshapcotedm@blogs.com,3145890726,Waylon Shapcote,7289927846,wshapcotedm@marriott.com,6/10/2017,3/4/2019
492,492,744,Davide Sircombe,ghardingedn@rambler.ru,8572999669,Garland Hardinge,6844249112,ghardingedn@nature.com,5/2/2017,3/11/2019
493,493,576,Halsey Oxtiby,csoldnerdo@netvibes.com,4872197826,Clotilda Soldner,2537754338,csoldnerdo@uiuc.edu,12/16/2017,3/12/2019
494,494,831,Anderson Gilpillan,sbonefantdp@last.fm,1968831973,Stella Bonefant,2408987958,sbonefantdp@answers.com,1/30/2017,3/7/2019
495,495,931,Eugenio Blackden,slammindq@java.com,5087527617,Sigfried Lammin,1196983681,slammindq@yelp.com,3/4/2017,3/5/2019
496,496,642,Lynnell Haggis,mrawedr@hexun.com,2215534475,Moshe Rawe,2171578628,mrawedr@nasa.gov,3/27/2016,3/4/2019
497,497,745,Clem Frushard,tburfieldds@google.ca,2333909314,Theda Burfield,9016656762,tburfieldds@google.nl,6/15/2018,3/2/2019
498,498,622,Andrej Moston,fburddt@163.com,4567760847,Frannie Burd,7542811946,fburddt@mapy.cz,3/5/2017,3/9/2019
499,499,599,Lucine Mungane,tbonasdu@dell.com,3299476718,Tammie Bonas,1161075804,tbonasdu@zdnet.com,4/23/2018,3/7/2019
500,500,865,Lemar Rickets,asamsondv@usgs.gov,2943281566,Adda Samson,4854176266,asamsondv@globo.com,12/29/2016,3/9/2019
